Nama Makanan,Energi (kkal/100 g),Protein (g/100 g),Lemak (g/100 g),Karbohidrat (g/100 g),Sumber Data
Ayam Goreng,260,21.93,14.55,10.76,FatSecret Platform API
Bika Ambon,264,3.11,4.44,53.34,FatSecret Platform API
Gado Gado,132,7.14,7.41,10.9,FatSecret Platform API
Gudeg,127,1.82,4.71,22.54,FatSecret Platform API
Kerak Telor,244,10.87,8.55,30.05,FatSecret Platform API
Kolak,163,2.01,8.83,20.35,FatSecret Platform API
Nasi Goreng,168,6.3,6.23,21.06,FatSecret Platform API
Papeda,58,0.04,0.01,14.03,FatSecret Platform API
Pempek,195,12.61,5.2,23.58,FatSecret Platform API
Rendang,195,19.68,11.07,4.49,FatSecret Platform API
Rujak Cingur,125,6.84,6.35,11.26,FatSecret Platform API
Sate Ayam,225,19.54,14.82,4.87,FatSecret Platform API
Sayur Lumpia,98,3.1,4.43,11.63,FatSecret Platform API
Serabi,216,3.17,3.59,42.1,FatSecret Platform API
Soto Ayam,130,9.96,6.19,8.11,FatSecret Platform API
